{
	"class_name" : "PinholeCameraParameters",
	"extrinsic" : 
	[
		-0.46311352380103199,
		0.88600935321424745,
		0.022655906282069326,
		0.0,
		0.7170954634913066,
		0.38960061553476366,
		-0.57791474857034186,
		0.0,
		-0.5208646276267751,
		-0.25139368805084233,
		-0.81578260173615913,
		0.0,
		0.40530927093692787,
		0.30311077721305707,
		1.2680871053591216,
		1.0
	],
	"intrinsic" : 
	{
		"height" : 1055,
		"intrinsic_matrix" : 
		[
			913.65680099258282,
			0.0,
			0.0,
			0.0,
			913.65680099258282,
			0.0,
			959.5,
			527.0,
			1.0
		],
		"width" : 1920
	},
	"version_major" : 1,
	"version_minor" : 0
}