{
	"class_name" : "PinholeCameraParameters",
	"extrinsic" : 
	[
		0.99801866695851194,
		-0.0044737502111356423,
		-0.062759269924077224,
		0.0,
		0.0038278898035545295,
		-0.99130390191843643,
		0.13153676786714377,
		0.0,
		-0.06280197180030786,
		-0.13151638529221896,
		-0.98932267372059257,
		0.0,
		-0.11980428712533241,
		-0.050332871942750018,
		1.8829083135103617,
		1.0
	],
	"intrinsic" : 
	{
		"height" : 1055,
		"intrinsic_matrix" : 
		[
			913.65680099258282,
			0.0,
			0.0,
			0.0,
			913.65680099258282,
			0.0,
			959.5,
			527.0,
			1.0
		],
		"width" : 1920
	},
	"version_major" : 1,
	"version_minor" : 0
}